﻿<?xml version="1.0" encoding="utf-8" ?>
<c2eventsheet>
    <!--All the 'name' attributes are ignored by Construct 2 - they are there for readability only.-->
    <name>CharacterSelection-Event sheet</name>
    <events>
        <variable constant="0" name="PlayerSelect" sid="625140845281885" static="0" type="number">0</variable>
        <event-block sid="376537244403518">
            <conditions>
                <condition id="6" name="On object clicked" sid="350017645027369" type="Mouse">
                    <param id="0" name="Mouse button">0</param>
                    <param id="1" name="Click type">0</param>
                    <param id="2" name="Object clicked">BanditIcon</param>
                </condition>
            </conditions>
            <actions>
                <action id="-2" name="Go to layout" sid="714481288808273" type="System">
                    <param id="0" name="Layout">Zone1</param>
                </action>
                <action id="-9" name="Set value" sid="604311707789744" type="System">
                    <param id="0" name="Variable">PlayerSelect</param>
                    <param id="1" name="Value">1</param>
                </action>
                <action id="33" name="Stop all" sid="989677699270191" type="Audio" />
            </actions>
        </event-block>
        <event-block sid="169889070815241">
            <conditions>
                <condition id="6" name="On object clicked" sid="116757326581186" type="Mouse">
                    <param id="0" name="Mouse button">0</param>
                    <param id="1" name="Click type">0</param>
                    <param id="2" name="Object clicked">KnightIcon</param>
                </condition>
            </conditions>
            <actions>
                <action id="-2" name="Go to layout" sid="962474426842608" type="System">
                    <param id="0" name="Layout">Zone1</param>
                </action>
                <action id="-9" name="Set value" sid="218418626330839" type="System">
                    <param id="0" name="Variable">PlayerSelect</param>
                    <param id="1" name="Value">2</param>
                </action>
                <action id="33" name="Stop all" sid="467010749410436" type="Audio" />
            </actions>
        </event-block>
        <event-block sid="159573423197377">
            <conditions>
                <condition id="6" name="On object clicked" sid="705593922687533" type="Mouse">
                    <param id="0" name="Mouse button">0</param>
                    <param id="1" name="Click type">0</param>
                    <param id="2" name="Object clicked">MageIcon</param>
                </condition>
            </conditions>
            <actions>
                <action id="-2" name="Go to layout" sid="415228009368311" type="System">
                    <param id="0" name="Layout">Zone1</param>
                </action>
                <action id="-9" name="Set value" sid="441541157402963" type="System">
                    <param id="0" name="Variable">PlayerSelect</param>
                    <param id="1" name="Value">3</param>
                </action>
                <action id="33" name="Stop all" sid="641822011825118" type="Audio" />
            </actions>
        </event-block>
    </events>
</c2eventsheet>
