﻿<?xml version="1.0" encoding="utf-8" ?>
<c2eventsheet>
    <!--All the 'name' attributes are ignored by Construct 2 - they are there for readability only.-->
    <name>Home-Event sheet</name>
    <events>
        <event-group description="" sid="307184621785790" title="Buttons">
            <sub-events>
                <event-block sid="993626577212006">
                    <conditions>
                        <condition id="0" name="On clicked" sid="674653844317571" type="PlayButton" />
                    </conditions>
                    <actions>
                        <action id="-2" name="Go to layout" sid="523955559483573" type="System">
                            <param id="0" name="Layout">CharacterSelection</param>
                        </action>
                    </actions>
                </event-block>
                <event-block sid="712985278628089">
                    <conditions>
                        <condition id="0" name="On clicked" sid="932632207210628" type="OptionsButton" />
                    </conditions>
                    <actions />
                </event-block>
                <event-block sid="721260187873650">
                    <conditions>
                        <condition id="0" name="On clicked" sid="858220953771982" type="QuitButton" />
                    </conditions>
                    <actions />
                </event-block>
            </sub-events>
        </event-group>
        <event-group description="" sid="938408822917823" title="Songs">
            <sub-events>
                <event-block sid="201647542594716">
                    <conditions>
                        <condition id="-2" name="On start of layout" sid="375283301635679" type="System" />
                    </conditions>
                    <actions>
                        <action id="0" name="Play" sid="522631962981465" type="Audio">
                            <param id="0" name="Audio file">TRACK 02 Main Theme</param>
                            <param id="2" name="Loop">1</param>
                            <param id="3" name="Volume">-10</param>
                            <param id="1" name="Tag (optional)">&quot;&quot;</param>
                        </action>
                    </actions>
                </event-block>
            </sub-events>
        </event-group>
    </events>
</c2eventsheet>
