﻿<?xml version="1.0" encoding="utf-8" ?>
<c2eventsheet>
    <!--All the 'name' attributes are ignored by Construct 2 - they are there for readability only.-->
    <name>Zone1-Event sheet</name>
    <events>
        <variable constant="0" name="ActualPlayerLevel" sid="757103083744721" static="0" type="number">0</variable>
        <variable constant="0" name="KillCount" sid="229643443572115" static="0" type="number">0</variable>
        <variable constant="0" name="ScorpionsSpeed" sid="772097745899655" static="0" type="number">100</variable>
        <variable constant="0" name="SpawnSide" sid="997234540771285" static="0" type="number">0</variable>
        <variable constant="0" name="PlayerLife" sid="795436784095968" static="0" type="number">100</variable>
        <variable constant="0" name="PlayerSpeed" sid="127744577443583" static="0" type="number">100</variable>
        <event-group description="" sid="665219579138647" title="Song">
            <sub-events>
                <event-block sid="646194599028923">
                    <conditions>
                        <condition id="-2" name="On start of layout" sid="554921763315740" type="System" />
                    </conditions>
                    <actions>
                        <action id="0" name="Play" sid="640179999118243" type="Audio">
                            <param id="0" name="Audio file">Zone 1 Vordt of the Boreal Valley</param>
                            <param id="2" name="Loop">1</param>
                            <param id="3" name="Volume">-10</param>
                            <param id="1" name="Tag (optional)">&quot;&quot;</param>
                        </action>
                    </actions>
                </event-block>
            </sub-events>
        </event-group>
        <event-group description="" sid="992101203170877" title="Bandit">
            <sub-events>
                <event-block sid="126852875206391">
                    <conditions>
                        <condition id="-14" name="Compare variable" sid="269393952738996" type="System">
                            <param id="0" name="Variable">PlayerSelect</param>
                            <param id="1" name="Comparison">0</param>
                            <param id="2" name="Value">1</param>
                        </condition>
                    </conditions>
                    <actions>
                        <action id="-15" name="Set visible" sid="582234336838014" type="BanditSprite">
                            <param id="0" name="Visibility">1</param>
                        </action>
                        <action behavior="8Direction" id="3" name="Set speed" sid="635880646415750" type="BanditSprite">
                            <param id="0" name="Speed">PlayerSpeed</param>
                        </action>
                    </actions>
                </event-block>
                <event-group description="" sid="454963580985511" title="BanditGun">
                    <sub-events>
                        <event-block sid="867934061644828">
                            <conditions />
                            <actions />
                        </event-block>
                        <event-block sid="668707340094787">
                            <conditions>
                                <condition id="-6" name="Every X seconds" sid="299354598256326" type="System">
                                    <param id="0" name="Interval (seconds)">0.5</param>
                                </condition>
                            </conditions>
                            <actions>
                                <action id="-3" name="Create object" sid="437736264614508" type="System">
                                    <param id="0" name="Object to create">BanditPistolBullet</param>
                                    <param id="1" name="Layer">0</param>
                                    <param id="2" name="X">BanditSprite.X</param>
                                    <param id="3" name="Y">BanditSprite.Y</param>
                                </action>
                                <action behavior="Bullet" id="0" name="Set speed" sid="889382119457772" type="BanditPistolBullet">
                                    <param id="0" name="Speed">500</param>
                                </action>
                                <action id="-22" name="Set angle toward position" sid="499259921929650" type="BanditPistolBullet">
                                    <param id="0" name="X">Scorpion.X</param>
                                    <param id="1" name="Y">Scorpion.Y</param>
                                </action>
                            </actions>
                        </event-block>
                        <event-block sid="196625869891829">
                            <conditions>
                                <condition id="0" name="On collision with another object" sid="387125132830933" type="BanditPistolBullet">
                                    <param id="0" name="Object">Scorpion</param>
                                </condition>
                            </conditions>
                            <actions>
                                <action id="-9" name="Destroy" sid="871780935999525" type="BanditPistolBullet" />
                                <action id="-9" name="Destroy" sid="317153191470599" type="Scorpion" />
                                <action id="-10" name="Add to" sid="603711030275092" type="System">
                                    <param id="0" name="Variable">KillCount</param>
                                    <param id="1" name="Value">1</param>
                                </action>
                            </actions>
                        </event-block>
                    </sub-events>
                </event-group>
                <event-group description="" sid="906068828231673" title="Bandit Movement">
                    <sub-events>
                        <event-block any="1" sid="507554529470834">
                            <conditions>
                                <condition id="2" name="Key is down" sid="133719559820768" type="Keyboard">
                                    <param id="0" name="Key">68</param>
                                </condition>
                                <condition id="2" name="Key is down" sid="536385547862717" type="Keyboard">
                                    <param id="0" name="Key">39</param>
                                </condition>
                            </conditions>
                            <actions>
                                <action behavior="8Direction" id="7" name="Simulate control" sid="345274136273639" type="BanditSprite">
                                    <param id="0" name="Control">1</param>
                                </action>
                            </actions>
                        </event-block>
                        <event-block any="1" sid="428884180074950">
                            <conditions>
                                <condition id="2" name="Key is down" sid="749709593641211" type="Keyboard">
                                    <param id="0" name="Key">65</param>
                                </condition>
                                <condition id="2" name="Key is down" sid="747647062119144" type="Keyboard">
                                    <param id="0" name="Key">37</param>
                                </condition>
                            </conditions>
                            <actions>
                                <action behavior="8Direction" id="7" name="Simulate control" sid="108717077309232" type="BanditSprite">
                                    <param id="0" name="Control">0</param>
                                </action>
                            </actions>
                        </event-block>
                        <event-block any="1" sid="476282337903107">
                            <conditions>
                                <condition id="2" name="Key is down" sid="552762577403689" type="Keyboard">
                                    <param id="0" name="Key">87</param>
                                </condition>
                                <condition id="2" name="Key is down" sid="970601686259480" type="Keyboard">
                                    <param id="0" name="Key">38</param>
                                </condition>
                            </conditions>
                            <actions>
                                <action behavior="8Direction" id="7" name="Simulate control" sid="945393890752608" type="BanditSprite">
                                    <param id="0" name="Control">2</param>
                                </action>
                            </actions>
                        </event-block>
                        <event-block any="1" sid="443480301437507">
                            <conditions>
                                <condition id="2" name="Key is down" sid="249040928017348" type="Keyboard">
                                    <param id="0" name="Key">83</param>
                                </condition>
                                <condition id="2" name="Key is down" sid="775773480979465" type="Keyboard">
                                    <param id="0" name="Key">40</param>
                                </condition>
                            </conditions>
                            <actions>
                                <action behavior="8Direction" id="7" name="Simulate control" sid="922117194371637" type="BanditSprite">
                                    <param id="0" name="Control">3</param>
                                </action>
                            </actions>
                        </event-block>
                    </sub-events>
                </event-group>
            </sub-events>
        </event-group>
        <event-group description="" sid="850129120460910" title="Knight">
            <sub-events>
                <event-group description="" sid="364035979955530" title="Knight Movement">
                    <sub-events>
                        <event-block any="1" sid="590915699704829">
                            <conditions>
                                <condition id="2" name="Key is down" sid="973756227679838" type="Keyboard">
                                    <param id="0" name="Key">68</param>
                                </condition>
                                <condition id="2" name="Key is down" sid="881861830458279" type="Keyboard">
                                    <param id="0" name="Key">39</param>
                                </condition>
                            </conditions>
                            <actions>
                                <action id="-1" name="Set X" sid="457182196707237" type="KnightSprite">
                                    <param id="0" name="X">KnightSprite.X + PlayerSpeed</param>
                                </action>
                            </actions>
                        </event-block>
                        <event-block any="1" sid="350998800677551">
                            <conditions>
                                <condition id="2" name="Key is down" sid="622239021808248" type="Keyboard">
                                    <param id="0" name="Key">65</param>
                                </condition>
                                <condition id="2" name="Key is down" sid="179638625241368" type="Keyboard">
                                    <param id="0" name="Key">37</param>
                                </condition>
                            </conditions>
                            <actions>
                                <action id="-1" name="Set X" sid="593191385913981" type="KnightSprite">
                                    <param id="0" name="X">KnightSprite.X - PlayerSpeed</param>
                                </action>
                            </actions>
                        </event-block>
                        <event-block any="1" sid="455125334354398">
                            <conditions>
                                <condition id="2" name="Key is down" sid="564246288964848" type="Keyboard">
                                    <param id="0" name="Key">87</param>
                                </condition>
                                <condition id="2" name="Key is down" sid="992792012404260" type="Keyboard">
                                    <param id="0" name="Key">38</param>
                                </condition>
                            </conditions>
                            <actions>
                                <action id="-2" name="Set Y" sid="674959978548859" type="KnightSprite">
                                    <param id="0" name="Y">KnightSprite.Y - PlayerSpeed</param>
                                </action>
                            </actions>
                        </event-block>
                        <event-block any="1" sid="363707162310126">
                            <conditions>
                                <condition id="2" name="Key is down" sid="810110762179366" type="Keyboard">
                                    <param id="0" name="Key">83</param>
                                </condition>
                                <condition id="2" name="Key is down" sid="249087858708720" type="Keyboard">
                                    <param id="0" name="Key">40</param>
                                </condition>
                            </conditions>
                            <actions>
                                <action id="-2" name="Set Y" sid="482484839859357" type="KnightSprite">
                                    <param id="0" name="Y">KnightSprite.Y + PlayerSpeed</param>
                                </action>
                            </actions>
                        </event-block>
                    </sub-events>
                </event-group>
                <event-block sid="598928156087823">
                    <conditions>
                        <condition id="-14" name="Compare variable" sid="368666718391964" type="System">
                            <param id="0" name="Variable">PlayerSelect</param>
                            <param id="1" name="Comparison">0</param>
                            <param id="2" name="Value">2</param>
                        </condition>
                    </conditions>
                    <actions>
                        <action id="-15" name="Set visible" sid="669786960335033" type="KnightSprite">
                            <param id="0" name="Visibility">1</param>
                        </action>
                    </actions>
                </event-block>
            </sub-events>
        </event-group>
        <event-group description="" sid="308302312025633" title="Mage">
            <sub-events>
                <event-group description="" sid="464421816202756" title="Mage Movement">
                    <sub-events>
                        <event-block any="1" sid="275517884768455">
                            <conditions>
                                <condition id="2" name="Key is down" sid="828134844717618" type="Keyboard">
                                    <param id="0" name="Key">68</param>
                                </condition>
                                <condition id="2" name="Key is down" sid="756436348537324" type="Keyboard">
                                    <param id="0" name="Key">39</param>
                                </condition>
                            </conditions>
                            <actions>
                                <action id="-1" name="Set X" sid="154986296894831" type="MageSprite">
                                    <param id="0" name="X">MageSprite.X + PlayerSpeed</param>
                                </action>
                            </actions>
                        </event-block>
                        <event-block any="1" sid="541263648130976">
                            <conditions>
                                <condition id="2" name="Key is down" sid="165035531670038" type="Keyboard">
                                    <param id="0" name="Key">65</param>
                                </condition>
                                <condition id="2" name="Key is down" sid="659060969471572" type="Keyboard">
                                    <param id="0" name="Key">37</param>
                                </condition>
                            </conditions>
                            <actions>
                                <action id="-1" name="Set X" sid="859513840379842" type="MageSprite">
                                    <param id="0" name="X">MageSprite.X - PlayerSpeed</param>
                                </action>
                            </actions>
                        </event-block>
                        <event-block any="1" sid="802944068571327">
                            <conditions>
                                <condition id="2" name="Key is down" sid="534742207593559" type="Keyboard">
                                    <param id="0" name="Key">87</param>
                                </condition>
                                <condition id="2" name="Key is down" sid="310933658913223" type="Keyboard">
                                    <param id="0" name="Key">38</param>
                                </condition>
                            </conditions>
                            <actions>
                                <action id="-2" name="Set Y" sid="850877391997144" type="MageSprite">
                                    <param id="0" name="Y">MageSprite.Y - PlayerSpeed</param>
                                </action>
                            </actions>
                        </event-block>
                        <event-block any="1" sid="802509958078006">
                            <conditions>
                                <condition id="2" name="Key is down" sid="826239030108662" type="Keyboard">
                                    <param id="0" name="Key">83</param>
                                </condition>
                                <condition id="2" name="Key is down" sid="129846311701626" type="Keyboard">
                                    <param id="0" name="Key">40</param>
                                </condition>
                            </conditions>
                            <actions>
                                <action id="-2" name="Set Y" sid="525552551159340" type="MageSprite">
                                    <param id="0" name="Y">MageSprite.Y + PlayerSpeed</param>
                                </action>
                            </actions>
                        </event-block>
                    </sub-events>
                </event-group>
                <event-block sid="854390587421659">
                    <conditions>
                        <condition id="-14" name="Compare variable" sid="587079933571192" type="System">
                            <param id="0" name="Variable">PlayerSelect</param>
                            <param id="1" name="Comparison">0</param>
                            <param id="2" name="Value">3</param>
                        </condition>
                    </conditions>
                    <actions>
                        <action id="-15" name="Set visible" sid="556793356957313" type="MageSprite">
                            <param id="0" name="Visibility">1</param>
                        </action>
                    </actions>
                </event-block>
            </sub-events>
        </event-group>
        <event-group description="" sid="675292194989306" title="Scorpions">
            <sub-events>
                <event-group description="" sid="757813031132301" title="CreateScorpions">
                    <sub-events>
                        <event-block sid="191262741424375">
                            <conditions>
                                <condition id="-6" name="Every X seconds" sid="161945322194679" type="System">
                                    <param id="0" name="Interval (seconds)">3.0</param>
                                </condition>
                            </conditions>
                            <actions>
                                <action id="-9" name="Set value" sid="414483213397073" type="System">
                                    <param id="0" name="Variable">SpawnSide</param>
                                    <param id="1" name="Value">floor(random(4))</param>
                                </action>
                            </actions>
                        </event-block>
                        <event-block sid="511818771125277">
                            <conditions>
                                <condition id="-1" name="Every tick" sid="442086830066910" type="System" />
                            </conditions>
                            <actions>
                                <action id="-22" name="Set angle toward position" sid="342089606203859" type="Scorpion">
                                    <param id="0" name="X">BanditSprite.X</param>
                                    <param id="1" name="Y">BanditSprite.Y</param>
                                </action>
                            </actions>
                        </event-block>
                        <event-block sid="947618808718194">
                            <conditions>
                                <condition id="-14" name="Compare variable" sid="916446415364587" type="System">
                                    <param id="0" name="Variable">SpawnSide</param>
                                    <param id="1" name="Comparison">0</param>
                                    <param id="2" name="Value">0</param>
                                </condition>
                            </conditions>
                            <actions>
                                <action id="-3" name="Create object" sid="841271888365002" type="System">
                                    <param id="0" name="Object to create">Scorpion</param>
                                    <param id="1" name="Layer">0</param>
                                    <param id="2" name="X">0</param>
                                    <param id="3" name="Y">random(0, LayoutHeight)</param>
                                </action>
                                <action behavior="Bullet" id="0" name="Set speed" sid="411598784823065" type="Scorpion">
                                    <param id="0" name="Speed">ScorpionsSpeed</param>
                                </action>
                            </actions>
                        </event-block>
                        <event-block sid="358592108428301">
                            <conditions>
                                <condition id="-14" name="Compare variable" sid="878718191410195" type="System">
                                    <param id="0" name="Variable">SpawnSide</param>
                                    <param id="1" name="Comparison">0</param>
                                    <param id="2" name="Value">1</param>
                                </condition>
                            </conditions>
                            <actions>
                                <action id="-3" name="Create object" sid="834466996185858" type="System">
                                    <param id="0" name="Object to create">Scorpion</param>
                                    <param id="1" name="Layer">0</param>
                                    <param id="2" name="X">LayoutWidth</param>
                                    <param id="3" name="Y">random(0, LayoutHeight)</param>
                                </action>
                                <action behavior="Bullet" id="0" name="Set speed" sid="562245630210201" type="Scorpion">
                                    <param id="0" name="Speed">ScorpionsSpeed</param>
                                </action>
                            </actions>
                        </event-block>
                        <event-block sid="433382244953299">
                            <conditions>
                                <condition id="-14" name="Compare variable" sid="416180859042995" type="System">
                                    <param id="0" name="Variable">SpawnSide</param>
                                    <param id="1" name="Comparison">0</param>
                                    <param id="2" name="Value">2</param>
                                </condition>
                            </conditions>
                            <actions>
                                <action id="-3" name="Create object" sid="405101147812600" type="System">
                                    <param id="0" name="Object to create">Scorpion</param>
                                    <param id="1" name="Layer">0</param>
                                    <param id="2" name="X">random(0, LayoutWidth)</param>
                                    <param id="3" name="Y">0</param>
                                </action>
                                <action behavior="Bullet" id="0" name="Set speed" sid="458042020866706" type="Scorpion">
                                    <param id="0" name="Speed">ScorpionsSpeed</param>
                                </action>
                            </actions>
                        </event-block>
                        <event-block sid="816778373720800">
                            <conditions>
                                <condition id="-14" name="Compare variable" sid="738200755827580" type="System">
                                    <param id="0" name="Variable">SpawnSide</param>
                                    <param id="1" name="Comparison">0</param>
                                    <param id="2" name="Value">3</param>
                                </condition>
                            </conditions>
                            <actions>
                                <action id="-3" name="Create object" sid="981642912852204" type="System">
                                    <param id="0" name="Object to create">Scorpion</param>
                                    <param id="1" name="Layer">0</param>
                                    <param id="2" name="X">random(0, LayoutWidth)</param>
                                    <param id="3" name="Y">LayoutHeight</param>
                                </action>
                                <action behavior="Bullet" id="0" name="Set speed" sid="231222272892942" type="Scorpion">
                                    <param id="0" name="Speed">ScorpionsSpeed</param>
                                </action>
                            </actions>
                        </event-block>
                    </sub-events>
                </event-group>
            </sub-events>
        </event-group>
    </events>
</c2eventsheet>
