﻿<?xml version="1.0" encoding="utf-8" ?>
<c2eventsheet>
    <!--All the 'name' attributes are ignored by Construct 2 - they are there for readability only.-->
    <name>Start-Event sheet</name>
    <events>
        <event-block sid="143403638398220">
            <conditions>
                <condition id="0" name="On clicked" sid="808904037059939" type="StartButton" />
            </conditions>
            <actions>
                <action id="-2" name="Go to layout" sid="435796255097559" type="System">
                    <param id="0" name="Layout">Home</param>
                </action>
            </actions>
        </event-block>
    </events>
</c2eventsheet>
